{"count":1,"self":1053.514752,"total":2715.5156752999997,"children":{"InitializeActuators":{"count":1,"self":0.0015119999999999999,"total":0.0015119999999999999,"children":null},"InitializeSensors":{"count":1,"self":0.0010002,"total":0.0010002,"children":null},"AgentSendState":{"count":1131602,"self":1.9542617999999998,"total":73.547788799999992,"children":{"CollectObservations":{"count":226321,"self":66.778035199999991,"total":66.7780322,"children":null},"WriteActionMask":{"count":226321,"self":0.1668365,"total":0.1668365,"children":null},"RequestDecision":{"count":226321,"self":0.9178202,"total":4.6486583,"children":{"AgentInfo.ToProto":{"count":226321,"self":1.1293347999999999,"total":3.7308380999999997,"children":{"GenerateSensorData":{"count":226321,"self":2.6015032,"total":2.6015033,"children":null}}}}}}},"DecideAction":{"count":1131602,"self":1543.7766656,"total":1543.7766917,"children":null},"AgentAct":{"count":1131602,"self":44.6361664,"total":44.6738907,"children":{"AgentInfo.ToProto":{"count":2715,"self":0.0114081,"total":0.0377228,"children":{"GenerateSensorData":{"count":2715,"self":0.0263147,"total":0.0263147,"children":null}}}}}},"gauges":{"G1Balance.CumulativeReward":{"count":2715,"max":19.6154823,"min":2.80442357,"runningAverage":6.41363859,"value":6.646388,"weightedAverage":6.54319859}},"metadata":{"timer_format_version":"0.1.0","start_time_seconds":"1780477130","unity_version":"6000.4.8f1","command_line_arguments":"C:\\Program Files\\Unity\\Hub\\Editor\\6000.4.8f1\\Editor\\Unity.exe -projectpath C:\\projectCD\\My project -acceptSoftwareTermsForThisRunOnly -useHub -hubIPC -cloudEnvironment production","communication_protocol_version":"1.5.0","com.unity.ml-agents_version":"4.0.3","scene_name":"SampleScene","end_time_seconds":"1780479845"}}